{"train_mse": 24.426206588745117, "valid_mse": 28.13111686706543}