{"train_mse": 2.838965892791748, "valid_mse": 3.1880640983581543}